[{"first_name": "Jason", "last_name": "", "contact": "6418956150"}, {"first_name": "Brad", "last_name": "Magg", "contact": "brad@maggfamilycatering.com"}, {"first_name": "Megan Poopen", "last_name": "", "contact": "3192700985"}, {"first_name": "Mike", "last_name": "Nelson", "contact": "6416381136"}, {"first_name": "Roy", "last_name": "Wharton", "contact": "6416283177"}, {"first_name": "Dave Plant 4", "last_name": "", "contact": "6412184179"}, {"first_name": "Chad", "last_name": "Ferree 👨🏼‍🏭", "contact": "6412951349"}, {"first_name": "Jill", "last_name": "B", "contact": "6418915796"}, {"first_name": "David", "last_name": "Ayala", "contact": "6419540323"}, {"first_name": "Austin", "last_name": "Van Wyk 🎮☘🏈", "contact": "6416609897"}, {"first_name": "Aunt Dar", "last_name": "", "contact": "5154196263"}, {"first_name": "Jeff", "last_name": "Kenny", "contact": "6417999858"}, {"first_name": "Brant B", "last_name": "", "contact": "6412042706"}, {"first_name": "Jacque", "last_name": "Bradley Myers", "contact": "myers.jacque7@gmail.com"}, {"first_name": "Mike", "last_name": "Scar", "contact": "5154943595"}, {"first_name": "Grant Burns", "last_name": "", "contact": "5152053347"}, {"first_name": "Clayton Plant 4 🏋🏿", "last_name": "", "contact": "6417996769"}, {"first_name": "Welsh", "last_name": "", "contact": "6412950394"}, {"first_name": "Amy", "last_name": "Heaberlin", "contact": "6418919972"}, {"first_name": "Loni", "last_name": "Leedom🦄", "contact": "loni.j.leedom@mercer.com"}, {"first_name": "Hawkeye", "last_name": "Exterminators", "contact": "6418919487"}, {"first_name": "Jason", "last_name": "Lewis", "contact": "jasonllewis21@gmail.com"}, {"first_name": "Bryan", "last_name": "V", "contact": "5158228925"}, {"first_name": "Ty", "last_name": "L", "contact": "6412758096"}, {"first_name": "Allison", "last_name": "Montgomery-Lagergren", "contact": "amontgomery@dmacc.edu"}, {"first_name": "Ronnie", "last_name": "", "contact": "2178538339"}, {"first_name": "GeorgAnne", "last_name": "Talsma", "contact": "george.talsma@gmail.com"}, {"first_name": "Mike", "last_name": "Hanson", "contact": "5632127796"}, {"first_name": "Gailynn", "last_name": "", "contact": "4023210341"}, {"first_name": "Marty Templeman🍺🏌🚬", "last_name": "", "contact": "6415043481"}, {"first_name": "Lori Leedom", "last_name": "", "contact": "4022153619"}, {"first_name": "Julia", "last_name": "Schurman", "contact": "6416290855"}, {"first_name": "Rita Van Veen", "last_name": "", "contact": "6412592760"}, {"first_name": "Robert", "last_name": "Stout", "contact": "wells.stout@hotmail.com"}, {"first_name": "Grandma", "last_name": "", "contact": "4027208724"}, {"first_name": "Mustang Diner🍕🍔", "last_name": "", "contact": "6412592424"}, {"first_name": "Brad Powell", "last_name": "", "contact": "6418400632"}, {"first_name": "West End Auto", "last_name": "", "contact": "6416289294"}, {"first_name": "Denny W", "last_name": "", "contact": "5152058946"}, {"first_name": "Scott", "last_name": "Bolles🏈", "contact": "scottbolles4@gmail.com"}, {"first_name": "Loni", "last_name": "Leedom🦄", "contact": "5153653607"}, {"first_name": "Kam", "last_name": "Arguello", "contact": "6418314195"}, {"first_name": "Cresty", "last_name": "", "contact": "6414178150"}, {"first_name": "Shea", "last_name": "A", "contact": "5157200100"}, {"first_name": "Car Payment", "last_name": "", "contact": "8002353228"}, {"first_name": "Kyle", "last_name": "C", "contact": "5153375392"}, {"first_name": "Mal", "last_name": "", "contact": "6418914204"}, {"first_name": "Wolverine ", "last_name": "", "contact": "5152382855"}, {"first_name": "Mandi", "last_name": "Wagaman Pecinovsky", "contact": "mspecinovsky@msn.com"}, {"first_name": "Jen", "last_name": "", "contact": "5158222467"}, {"first_name": "Jake Broderson", "last_name": "", "contact": "7124048289"}, {"first_name": "Car Repair", "last_name": "", "contact": "6416283206"}, {"first_name": "Anytime Fitness", "last_name": "", "contact": "6416283488"}, {"first_name": "Kaylee", "last_name": "", "contact": "6183637126"}, {"first_name": "Suz P", "last_name": "", "contact": "5157776041"}, {"first_name": "Eric", "last_name": "Leedom ⚜", "contact": "6417810909"}, {"first_name": "Kally", "last_name": "", "contact": "7124611380"}, {"first_name": "Dori", "last_name": "Lester🤶", "contact": "5155543381"}, {"first_name": "Elvis", "last_name": "", "contact": "8002420100"}, {"first_name": "Eric O", "last_name": "", "contact": "6414179577"}, {"first_name": "Bret W", "last_name": "", "contact": "5152109410"}, {"first_name": "Brienne", "last_name": "Berte", "contact": "bri.arter@yahoo.com"}, {"first_name": "Technical", "last_name": "Support", "contact": "8009220204"}, {"first_name": "Copper Creek", "last_name": "", "contact": "5152662676"}, {"first_name": "Loni", "last_name": "Leedom Work Cell", "contact": "5152015417"}, {"first_name": "Shannon", "last_name": "", "contact": "5158979650"}, {"first_name": "Justin", "last_name": "Hook", "contact": "6412952290"}, {"first_name": "Mandi", "last_name": "Bright", "contact": "mspecinovsky@msn.com"}, {"first_name": "Abby", "last_name": "Peterson 🍷🏃🏽♀️🖕🌯", "contact": "6412751442"}, {"first_name": "Mikes 🍻🍕🌯", "last_name": "", "contact": "6412593414"}, {"first_name": "Thesians", "last_name": "", "contact": "6416208223"}, {"first_name": "Dino", "last_name": "Kostos", "contact": "5155547932"}, {"first_name": "Scott", "last_name": "Bolles🏈", "contact": "5152386088"}, {"first_name": "Linzi", "last_name": "VanWyk 🖕🏥", "contact": "5155567356"}, {"first_name": "Kelly ", "last_name": "Romick", "contact": "6416609893"}, {"first_name": "Kevin", "last_name": "", "contact": "5155598000"}, {"first_name": "Zach M", "last_name": "", "contact": "6419904702"}, {"first_name": "Jake", "last_name": "Cobley", "contact": "6412752524"}, {"first_name": "Chris", "last_name": "Arkema🍻⛳️", "contact": "6417803691"}, {"first_name": "Jaden", "last_name": "Thomas", "contact": "6412049334"}, {"first_name": "Pet", "last_name": "Clive", "contact": "5152212295"}, {"first_name": "Kayla", "last_name": "Lagergren", "contact": "k.lagergren@aol.com"}, {"first_name": "Joe Paint", "last_name": "", "contact": "6418401129"}, {"first_name": "Brad", "last_name": "Norwood", "contact": "5159711543"}, {"first_name": "Robert's", "last_name": "Brothers", "contact": "5159793971"}, {"first_name": "Not Zach", "last_name": "", "contact": "6417998719"}, {"first_name": "Justin", "last_name": "", "contact": "6412952290"}, {"first_name": "Danny", "last_name": "Brandhof", "contact": "5155776403"}, {"first_name": "Steve Hoosebomb", "last_name": "", "contact": "6418400239"}, {"first_name": "Austin", "last_name": "Miller 🐥🍺", "contact": "6412264866"}, {"first_name": "Kourtnie", "last_name": "Nisius📸😺🏋️♀️", "contact": "5155376395"}, {"first_name": "Lisa Leedom", "last_name": "", "contact": "lleedom69@gmail.com"}, {"first_name": "Erin W", "last_name": "", "contact": "6418919595"}, {"first_name": "Jim Freeborn", "last_name": "", "contact": "6416217662"}, {"first_name": "Monroe", "last_name": "Vet🏥🐶", "contact": "6412592019"}, {"first_name": "John", "last_name": "", "contact": "6417806228"}, {"first_name": "Tristian", "last_name": "Anderson🏓🍺", "contact": "6417778327"}, {"first_name": "Kathie", "last_name": "Dykstra", "contact": "6412955021"}, {"first_name": "Dave", "last_name": "Dwigans", "contact": "hawkeyeexterminators@gmail.com"}, {"first_name": "Alisha", "last_name": "Clay", "contact": "alishaclay_17@hotmail.com"}, {"first_name": "Cassie", "last_name": "Wilkerson", "contact": "6418912451"}, {"first_name": "David", "last_name": "Ayala", "contact": "david.ayala07.da@gmail.com"}, {"first_name": "Little Ceasers", "last_name": "", "contact": "6417912244"}, {"first_name": "Christopher", "last_name": "Templeman 🤘🏻🛠", "contact": "6418312021"}, {"first_name": "Johnna", "last_name": "", "contact": "5156573474"}, {"first_name": "Gabe", "last_name": "Gilson", "contact": "gabe.gilson@gmail.com"}, {"first_name": "Stephan", "last_name": "Roland", "contact": "6412300886"}, {"first_name": "Julia", "last_name": "Schurman", "contact": "6416218713"}, {"first_name": "Stier", "last_name": "", "contact": "5153142079"}, {"first_name": "Family EyeCare Center", "last_name": "C", "contact": "6416282023"}, {"first_name": "Vermeer Health", "last_name": "", "contact": "6416217670"}, {"first_name": "Jacque", "last_name": "Chloe's Mom", "contact": "4026860999"}, {"first_name": "Travis Strunk", "last_name": "", "contact": "6416217741"}, {"first_name": "Ryan A🏚🔄🏠🍺🏈", "last_name": "", "contact": "5152503703"}, {"first_name": "Coleta", "last_name": "", "contact": "6416701236"}, {"first_name": "Skiff", "last_name": "", "contact": "6412593305"}, {"first_name": "Todd", "last_name": "", "contact": "3083600764"}, {"first_name": "Tod", "last_name": "Smith", "contact": "5157915331"}, {"first_name": "Kelly", "last_name": "Mick", "contact": "6417809466"}, {"first_name": "Pam Jess", "last_name": "", "contact": "6412750934"}, {"first_name": "Ryan", "last_name": "Keuning", "contact": "5156690860"}, {"first_name": "Spence", "last_name": "", "contact": "5154188013"}, {"first_name": "Logan", "last_name": "Lorraine", "contact": "logannroberts@gmail.com"}, {"first_name": "Andy", "last_name": "Lester🚗", "contact": "5159754029"}, {"first_name": "Ben Van Zee", "last_name": "", "contact": "6417800320"}, {"first_name": "Deanna", "last_name": "Wheeldon", "contact": "jddm9jddm@hotmail.com"}, {"first_name": "Casey's", "last_name": "🍕", "contact": "6412592797"}, {"first_name": "Deanna", "last_name": "Wheeldon", "contact": "6416217679"}, {"first_name": "Nate Legrand", "last_name": "", "contact": "5157086055"}, {"first_name": "Amy", "last_name": "Heaberlin", "contact": "aheaberlin25@gmail.com"}, {"first_name": "Ali", "last_name": "Whittier", "contact": "alissa.donahue@gmail.com"}, {"first_name": "Loni", "last_name": "Leedom🦄", "contact": "5157782625"}, {"first_name": "#Warranty", "last_name": "Center", "contact": "8664065154"}, {"first_name": "Lucas", "last_name": "Weston 🍺🏌", "contact": "5158222701"}, {"first_name": "Julie LaFollette", "last_name": "", "contact": "6418916273"}, {"first_name": "Jonnie", "last_name": "Willemsen", "contact": "6412181373"}, {"first_name": "Jeremy E", "last_name": "", "contact": "5632608726"}, {"first_name": "Darcie", "last_name": "Peacher", "contact": "sweetmomma1983@gmail.com"}, {"first_name": "Tee ", "last_name": "Poam", "contact": "6415690905"}, {"first_name": "Pizza Ranch", "last_name": "Pella", "contact": "6416288844"}, {"first_name": "Dirt Trackers", "last_name": "", "contact": "6414179207"}, {"first_name": "Thomas", "last_name": "", "contact": "6416700686"}, {"first_name": "Ty Little", "last_name": "", "contact": "3194303870"}, {"first_name": "Crystal", "last_name": "Arguello 🏚🔄🏠🤑", "contact": "5154949388"}, {"first_name": "Julia", "last_name": "Schurman", "contact": "jschurman@vermeer.com"}, {"first_name": "Nick", "last_name": "Noring🍺🏀⛳️", "contact": "5152020050"}, {"first_name": "Nick W", "last_name": "", "contact": "6418314208"}, {"first_name": "John", "last_name": "", "contact": "6416218283"}, {"first_name": "Chris", "last_name": "Hodor🚪", "contact": "6609880055"}, {"first_name": "Jerry ", "last_name": "West", "contact": "5155540730"}, {"first_name": "Verizon", "last_name": "Accessories", "contact": "8668946848"}, {"first_name": "Cleaner", "last_name": "", "contact": "5156610798"}, {"first_name": "Dr Laflen", "last_name": "", "contact": "5152355000"}, {"first_name": "Coop", "last_name": "Loop", "contact": "6414856126"}, {"first_name": "Jesh", "last_name": "", "contact": "6415219953"}, {"first_name": "Grant", "last_name": "", "contact": "5158028020"}, {"first_name": "Gerry", "last_name": "Thomas", "contact": "5152381436"}, {"first_name": "Unknown", "last_name": "", "contact": "6418918385"}, {"first_name": "Rita Van Veen", "last_name": "", "contact": "6415216459"}, {"first_name": "Ash Jess", "last_name": "", "contact": "6412750884"}, {"first_name": "Georges", "last_name": "", "contact": "6416282802"}, {"first_name": "Lisa", "last_name": "Leedom ⌨", "contact": "6417810259"}, {"first_name": "Todd", "last_name": "", "contact": "5152055763"}, {"first_name": "Kendra", "last_name": "Kane", "contact": "smith.kendraj@yahoo.com"}, {"first_name": "Troy", "last_name": "", "contact": "6183637124"}, {"first_name": "Josh", "last_name": "Weilard", "contact": "6412301993"}, {"first_name": "Heath Thanks Dad", "last_name": "", "contact": "6417809341"}, {"first_name": "Kelsey", "last_name": "", "contact": "5159714315"}, {"first_name": "Monroe Clinic🏥", "last_name": "", "contact": "6412592155"}, {"first_name": "Loni", "last_name": "Leedom🦄", "contact": "5153650124"}, {"first_name": "Brooke ", "last_name": "", "contact": "5154802832"}, {"first_name": "Alex R", "last_name": "", "contact": "6412041314"}, {"first_name": "Gabe", "last_name": "Banstra", "contact": "6415218130"}, {"first_name": "Heidi", "last_name": "Close", "contact": "6416282837"}, {"first_name": "Curt", "last_name": "Templeman 🎳⛳️👨🏼‍🏭🍕", "contact": "6414179681"}, {"first_name": "Justin Stefco", "last_name": "", "contact": "5157701883"}, {"first_name": "Ty", "last_name": "Arguello", "contact": "6418310016"}, {"first_name": "Logun", "last_name": "", "contact": "6412188362"}, {"first_name": "Jamie", "last_name": "🍺🖕🏿", "contact": "6418710202"}, {"first_name": "Ej", "last_name": "Peterson 🏈🍺🎮", "contact": "6418911237"}, {"first_name": "Aunt", "last_name": "Lori", "contact": "4022153619"}, {"first_name": "Pella Moters", "last_name": "", "contact": "6416284124"}, {"first_name": "Brittany Vanzee", "last_name": "", "contact": "6415219778"}]