{"stories": [{"caption": "", "taken_at": "2018-07-05T14:01:25", "path": "stories/201807/5e4bf9090b7b8b7e5dffc9e6982dd8e4.mp4"}, {"caption": "", "taken_at": "2018-07-04T22:32:51", "path": "stories/201807/97f5c88b067d03a327ac3412e09110e6.jpg"}], "photos": [{"caption": "Best friends!", "taken_at": "2018-08-04T14:15:26", "location": "Monroe, Iowa", "path": "photos/201808/73bc764cbee7aeb6e6cd6c2622a2a8f3.jpg"}, {"caption": "She is getting so big!", "taken_at": "2018-07-29T14:22:22", "location": "Adventureland Park", "path": "photos/201807/26e37cab46b40f928696f0cc21b9283a.jpg"}, {"caption": "Going through old pictures and I love this!!!", "taken_at": "2018-07-22T18:46:01", "path": "photos/201807/7d6f819ad7a0dbc1bf63d00dd67e52fb.jpg"}, {"caption": "Happy birthday to Loni jo Leedom. My best friend, My partner in crime and my beautiful loving wife. I knew from the first time I met you that I loved you. Loni and I met in a corn field in the middle of summer the first thing I said to her was “Hi I’m Cody Leedom. I’m kind of a big deal” and SHE gave me her number. I would have never asked because she was way too pretty for me. Luckily Loni had low self-esteem and standards and I have a winning personality and I'm funny enough to trick her into loving me haha. 11 years later you are still the love of my life even though I don’t always do the best to show it sometimes(because I’m dumb). I’ve never been more proud of someone in my life. You are a great mother, wife, and friend. You are one of the hardest working people I know and you don't give yourself enough credit. I've had the opportunity and privilege to watch you graduate college on time with honors all while having a baby, part-time jobs, and taking care of me.🤗 You are my best friend you have made me a better person. You are the light of my life you gave me the most perfect little girl...now if we could only decide what's for dinner we would probably never fight again. 😏I love you Loni Jo I hope you have an amazing day!😘", "taken_at": "2018-07-17T03:13:32", "path": "photos/201807/455304b1e06c2850e55737a8a4765e2d.jpg"}, {"caption": "She likes golf too!💖⛳️", "taken_at": "2018-07-14T09:46:26", "location": "Gateway Recreation Golf Course", "path": "photos/201807/58aadcf37581b773a6822dc05e4d2aff.jpg"}, {"caption": "#merica", "taken_at": "2018-07-04T22:36:46", "path": "photos/201807/82dce8b8f86a2f64b664a3eac1159ace.jpg"}, {"caption": "It was awesome catching up with my old friend last night! #doesanyoneelseseethat🔥", "taken_at": "2018-07-01T12:48:27", "location": "Wooly's", "path": "photos/201807/a8840ccefbee20609cfa018625592f91.jpg"}, {"caption": "Emma and I danced all night it was awesome!", "taken_at": "2018-07-01T12:43:30", "location": "Wooly's", "path": "photos/201807/bd28b7c59215b583b9dca3935d2a806a.jpg"}, {"caption": "She is getting so big😭", "taken_at": "2018-02-17T13:35:09", "path": "photos/201802/7758b0449bb2b1b84f7132081d743d4d.jpg"}, {"caption": "Happy birthday to one of the coolest  of all time. You are so caring and driven, you make me so proud everyday. Your my O.G. Best friend and the key to my retirement 😉love you sis!", "taken_at": "2017-12-06T10:22:49", "path": "photos/201712/bb916645e4503913e89ff409efbd49ea.jpg"}, {"caption": "Emma always loves supporting Ej! She is getting so big!", "taken_at": "2017-10-28T17:35:57", "location": "University of Saint Mary", "path": "photos/201710/6ecad0a7dbf1573cedfc3d996f876e89.jpg"}, {"caption": "", "taken_at": "2017-05-21T17:31:00", "path": "photos/201705/78943a2977ef4b4055b54fe48a90702b.jpg"}, {"caption": "", "taken_at": "2017-05-21T17:30:58", "path": "photos/201705/9698305524473a639a868bc26849a7b8.jpg"}, {"caption": "Seeing how much she has grown makes me want to cry 😭", "taken_at": "2017-04-17T20:15:59", "path": "photos/201704/87e30b65cfb4134588c5ee9668622ec0.jpg"}, {"caption": "Well that was easy😴", "taken_at": "2017-02-25T22:32:54", "path": "photos/201702/df45451068e47a1d83f9a77d4bde999c.jpg"}, {"caption": "Haven't been on a first date in a long time! #legobatman #bollesstrong", "taken_at": "2017-02-25T16:55:10", "path": "photos/201702/3b34457b61e2bc07cf1021d753c0ea4a.jpg"}, {"caption": "My Valentine's day gift came in the mail today!", "taken_at": "2017-02-21T20:12:26", "path": "photos/201702/378804ab5d4814fe99a47311cc27e8fd.jpg"}, {"caption": "I'm super proud of how this turned out. #teamwork #nailedit #bigintothecorns", "taken_at": "2017-02-14T13:34:34", "path": "photos/201702/57ff92ac5189045bab5da50d350c6434.jpg"}, {"caption": "Lego Batman with my best buddy!", "taken_at": "2017-02-12T12:15:00", "location": "Cinemark Altoona and XD", "path": "photos/201702/9b0e8b6c03c00009ccd3a7816d1e77c1.jpg"}, {"caption": "Going over spelling words... #likeaboss😎", "taken_at": "2017-02-06T16:48:02", "path": "photos/201702/cf33c6fb34e66d989d82cb7f1e92942f.jpg"}, {"caption": "Emma with a Kangaroo it looks Photoshoped haha #kangaroosong", "taken_at": "2017-01-09T17:42:28", "path": "photos/201701/e0e82a06afbfbd1db3d2cfaf28531253.jpg"}, {"caption": "I'm not made for this whole single parent thing! I miss my wife!", "taken_at": "2016-12-14T15:43:45", "path": "photos/201612/43c3bfcac05e5dd748862fa728b72487.jpg"}, {"caption": "When dad is in charge of doing the elf on the shelf! While Loni is out of town #blackjack #batman", "taken_at": "2016-12-13T02:25:26", "path": "photos/201612/231de9eb1a5fa4fbb8245f6bab937cc2.jpg"}, {"caption": "This little girl loves hairspray live just like her mom. I feel like I've watched this musical more than any grown man should have to lol #hairspraylive #thingsyoudoforlove", "taken_at": "2016-12-07T19:52:25", "path": "photos/201612/7246ab545167269c367d4faffc605040.jpg"}, {"caption": "Jack got a new Christmas sweater #dapperdoggie #schnoodle", "taken_at": "2016-12-06T18:04:25", "path": "photos/201612/484cb94a76e2c072f686cf7fb06bfadc.jpg"}, {"caption": "Elf on the shelf is back I can't wait! I love staying up until Emma falls asleep then trying to figure out what to do with her lol", "taken_at": "2016-11-27T22:05:30", "path": "photos/201611/5890fd8a38da398792528f4024224fd2.jpg"}, {"caption": "This little cutie needs to stop growing!", "taken_at": "2016-11-01T20:41:48", "path": "photos/201611/5b771ada0e3d55958c3d88171121209c.jpg"}, {"caption": "Kansas trip!", "taken_at": "2016-10-22T16:30:06", "location": "McPherson College", "path": "photos/201610/3de174c322170bf8761c674a55947e53.jpg"}, {"caption": "Got the mail and my wife bought this... I'm not mad about it", "taken_at": "2016-09-19T14:01:05", "path": "photos/201609/77139e934fe6072251dea6e8be8a8794.jpg"}, {"caption": "Me and Emma at the adventureland magic show", "taken_at": "2016-09-17T14:31:18", "path": "photos/201609/97c08a482404b19006e26c3cc77e6db0.jpg"}, {"caption": "Me and Em hanging out at WWE NXT", "taken_at": "2016-09-17T14:24:18", "path": "photos/201609/637d66fa07ff459494a51134b54037bd.jpg"}, {"caption": "My awesome family one of my favorite pics", "taken_at": "2016-07-11T21:23:01", "path": "photos/201607/602a8f565950d4089372d6b890140371.jpg"}, {"caption": "Jack and his lover #cuddletime", "taken_at": "2014-01-01T18:04:27", "path": "photos/201401/a7232d685ac6660c61b087b626d14c97.jpg"}], "profile": [{"caption": "", "taken_at": "2018-07-22T18:49:18", "is_active_profile": true, "path": "profile/201807/08f72be58c007f3d60971e9537730ada.jpg"}], "videos": [{"caption": "So cute!", "taken_at": "2017-06-04T11:15:49", "path": "videos/201706/d632d0ef9687a4fdecb9b2eecde2fe92.mp4"}, {"caption": "Hates squirrels lol", "taken_at": "2017-02-28T16:43:04", "path": "videos/201702/29aa14c3b5439da862663048f9213d61.mp4"}, {"caption": "Nailed it best babysitter ever?", "taken_at": "2017-02-25T20:39:32", "path": "videos/201702/6b29cd2e70778fb344b2abdf7ae0d8f6.mp4"}]}