[{"participants": ["lrvanwyk22", "codyleedom"], "conversation": [{"sender": "lrvanwyk22", "created_at": "2018-09-16T13:15:33.854885+00:00", "mentioned_username": "codyleedom", "story_share": "Shared lrvanwyk22's story", "text": null}, {"sender": "lrvanwyk22", "created_at": "2018-08-08T03:11:15.846922+00:00", "media_owner": "failsclip", "media_share_caption": "Tag and dm 10 friends this post for a shoutout! 😂👇🏼", "media_share_url": "https://scontent-lax3-1.cdninstagram.com/vp/0211359d11a83e60c646f31bed58e63e/5BA327DB/t50.2886-16/38451220_638519436547664_9012961307402238186_n.mp4"}]}, {"participants": ["codyleedom", "billymoore4146"], "conversation": [{"sender": "billymoore4146", "created_at": "2018-09-14T16:56:10.883259+00:00", "media_owner": "Username unavailable.", "media_share_caption": "Caption unavailable.", "media_share_url": "Media share unavailable."}]}, {"participants": ["lonileedom", "codyleedom"], "conversation": [{"sender": "lonileedom", "created_at": "2018-08-12T14:59:46.301026+00:00", "media_owner": "kcstauffer", "media_share_caption": "Mila discovers the reality of football season 🏈😩", "media_share_url": "https://scontent-lax3-1.cdninstagram.com/vp/faa1c510c97f7e4ad1d4eeb76fcc072b/5BA2EA3C/t50.2886-16/21906724_1502706266485690_4611760480275398656_n.mp4"}, {"sender": "lonileedom", "created_at": "2018-08-12T14:51:45.897405+00:00", "media_owner": "kcstauffer", "media_share_caption": "Mila's not really impressed with preschool...🤷🏻‍♀️👩🏼‍🏫\n🎥by @kaitsta", "media_share_url": "https://scontent-lax3-1.cdninstagram.com/vp/e2faf289a0c5c979debcd96b3652a7e6/5BA2FDB0/t50.2886-16/20817636_1767004949993927_5895659349035974656_n.mp4"}]}, {"participants": ["codyleedom", "vanwyk46"], "conversation": [{"sender": "vanwyk46", "created_at": "2018-07-17T00:41:58.967818+00:00", "media_owner": "grabcoolthings7597", "media_share_caption": "🔥Only $39.99 You can embrace the best camping holidays⛱\n✅3 Seconds Fast Open ✅30 Seconds Take Down\n😲50% Off Limited Time Discount Today!!\n🛒Get yours👉https://bit.ly/2MUsZ65", "media_share_url": "https://scontent-lax3-1.cdninstagram.com/vp/fab9b173533f663bba7043cb19bcd80b/5BA32A42/t50.2886-16/35603284_2153509164892969_3199300557307117568_n.mp4"}, {"sender": "vanwyk46", "created_at": "2017-06-08T13:27:36.768722+00:00", "media_owner": "Username unavailable.", "media_share_caption": "Caption unavailable.", "media_share_url": "Media share unavailable."}, {"sender": "vanwyk46", "created_at": "2017-06-08T13:26:17.595110+00:00", "media_owner": "memes", "media_share_caption": "@ladbible is a must follow 😂🔥", "media_share_url": "https://scontent-lax3-1.cdninstagram.com/vp/a778d7b82c569c4603d349ab68eec458/5C1C3413/t51.2885-15/e35/18947740_1981461088765383_4691494495131271168_n.jpg?ig_cache_key=MTUzMjA3OTgwOTIxODQzMjg3MA%3D%3D.2"}, {"sender": "vanwyk46", "created_at": "2017-06-07T02:40:29.506278+00:00", "media_owner": "bestvines", "media_share_caption": "dude is bugging! 😂\n👉🏻(@bestvines #bestvines)", "media_share_url": "https://scontent-lax3-1.cdninstagram.com/vp/8893f4d57fed3d43892c103bcd00c266/5BA32B5A/t50.2886-16/19027590_234844180339806_463341256576073728_n.mp4"}]}, {"participants": ["codyleedom", "cadi.anne"], "conversation": [{"sender": "cadi.anne", "created_at": "2018-07-04T20:50:27.007643+00:00", "media_owner": "mostlypaws", "media_share_caption": "\"CRAZY DOGS LIVE HERE FLAGS\"\nOrder Here >> https://mostlypaws.com/products/crazy-dogs-things-will-get-ugly-flag\nA MUST HAVE for any Dog Lovers!\nSHARE & TAG Someone who would love this!", "media_share_url": "https://scontent-lax3-1.cdninstagram.com/vp/8df105ada5a988cc223ed649dbeb2667/5C2E0416/t51.2885-15/e15/p640x640/35506995_2146169075616784_2156797593819021312_n.jpg?ig_cache_key=MTgxMTY0NDg4NDc4MDY4Mzc2Ng%3D%3D.2"}, {"sender": "cadi.anne", "created_at": "2018-05-27T14:40:44.016163+00:00", "media_owner": "policefitnessnutrition", "media_share_caption": "When political correctness takes over your departments K9 Unit. •\n•\n\nThis video by @northlasvegaspd is great.  Buster wasn’t about that life 😂😂 •\n•\n\n#policefitnessnutrition #thinblueline #cophumor #policehumor #workingdogmagazine #workingdog #policek9 #k9unit #busterismyhero", "media_share_url": "https://scontent-lax3-1.cdninstagram.com/vp/38659dc922dfd8bbf32d8449366d5433/5BA37B62/t50.2886-16/33715977_113217192852432_1195105749970190336_n.mp4"}]}, {"participants": ["albertsg40", "codyleedom"], "conversation": [{"sender": "albertsg40", "created_at": "2018-06-18T10:57:11.429455+00:00", "mentioned_username": "codyleedom", "story_share": "Shared albertsg40's story", "text": null}, {"sender": "albertsg40", "created_at": "2018-04-21T14:41:42.342908+00:00", "mentioned_username": "codyleedom", "story_share": "Shared albertsg40's story", "text": null}]}, {"participants": ["lrvanwyk22", "lonileedom", "codyleedom"], "conversation": [{"sender": "lrvanwyk22", "created_at": "2018-02-25T04:36:53.883832+00:00", "media_owner": "crystalarguello", "media_share_caption": "Our hearts are bursting with pride! Emma did awesome!!! ❤️#dance #auntlife #tinydancer #competition", "media_share_url": "https://scontent-lax3-1.cdninstagram.com/vp/77b221dfe76743ff53102aadffa009e8/5C1D2FFE/t51.2885-15/e35/27891253_170430823747688_7485023468778422272_n.jpg?ig_cache_key=MTcyMjIxNjI0MzcxNDYzMDMzMQ%3D%3D.2"}, {"sender": "lrvanwyk22", "created_at": "2017-03-22T13:17:37.298747+00:00", "media_owner": "memes", "media_share_caption": "This new @netflix original 'Iron Fist' is lit 🔥👊", "media_share_url": "https://scontent-lax3-1.cdninstagram.com/vp/7c6e39f674ec3cf713480e5190096477/5C2B326C/t51.2885-15/e35/17438579_1846995791992623_6423553023473090560_n.jpg?ig_cache_key=MTQ3NjAzODc3MDI5MjgyNTc0MA%3D%3D.2"}, {"sender": "lrvanwyk22", "created_at": "2017-03-14T03:19:15.122326+00:00", "media_owner": "memes", "media_share_caption": "@yourmomsatonmyface's page is lit 🔥", "media_share_url": "https://scontent-lax3-1.cdninstagram.com/vp/1342bb964b8fc0b553d28118959c6985/5C2C5A62/t51.2885-15/e35/17267764_1256975447689238_6188125752647483392_n.jpg?ig_cache_key=MTQ2OTkxMjYxOTQzMDM2OTE3MQ%3D%3D.2"}, {"sender": "lrvanwyk22", "created_at": "2017-03-10T04:15:50.980404+00:00", "media_owner": "memes", "media_share_caption": "Lmao true 😂", "media_share_url": "https://scontent-lax3-1.cdninstagram.com/vp/a4733ba1782685e207658e9a42672919/5C24DC38/t51.2885-15/e35/17077089_1127813360679489_1344536883492814848_n.jpg?ig_cache_key=MTQ2NzAwNjcwODk5MDgzNzc1OA%3D%3D.2"}]}, {"participants": ["lrvanwyk22", "lonileedom", "codyleedom", "vanwyk46"], "conversation": [{"sender": "lonileedom", "created_at": "2017-04-17T07:44:30.027379+00:00", "action": "lonileedom named the group Linzi & Husbands"}, {"sender": "lrvanwyk22", "created_at": "2017-04-15T04:59:16.631243+00:00", "media_owner": "memes", "media_share_caption": "😂😂", "media_share_url": "https://scontent-lax3-1.cdninstagram.com/vp/f2acdf730950e9d50614bdf2cef4105d/5C17DB4F/t51.2885-15/e35/17932373_194439974397545_4583015015782547456_n.jpg?ig_cache_key=MTQ5MzA1MTEwNTIyNjI1MjgxOQ%3D%3D.2"}]}, {"participants": ["codyleedom", "__deleted__bhiebeacadfdfffjh"], "conversation": [{"sender": "__deleted__bhiebeacadfdfffjh", "created_at": "2016-10-28T17:13:26.454984+00:00", "media_owner": "nflnetwork", "media_share_caption": "“He gave everything he had to football... But his love for his country was bigger than the game.”\nPat Tillman #AFootballLife TONIGHT 9PMET", "media_share_url": "https://scontent-lax3-1.cdninstagram.com/vp/773ec3cbe5f718a27b8bc4b45707e0d3/5C284476/t51.2885-15/e35/14712049_1793232990927109_864328959632867328_n.jpg?ig_cache_key=MTM3MTE1MjYxMDc0ODczNjE3Mg%3D%3D.2"}]}]