[{"search_click": "alexisjo98", "time": "2018-09-16T03:16:52-07:00", "type": "user"}, {"search_click": "logannlorraine", "time": "2018-09-14T22:53:12-07:00", "type": "user"}, {"search_click": "allyson.not.allison", "time": "2018-09-09T18:50:57-07:00", "type": "user"}, {"search_click": "thechive", "time": "2018-09-01T12:35:26-07:00", "type": "user"}, {"search_click": "lonileedom", "time": "2018-09-01T12:35:26-07:00", "type": "user"}, {"search_click": "billymoore4146", "time": "2018-09-01T12:35:26-07:00", "type": "user"}]